Grapheme	Segments	CLPA	Structure	Unicode	Frequency	Reflexes	Examples
⁵⁵	⁵⁵	⁵⁵	t	U+2075 U+2075	2271	Chuanqiandian, Southern Guizhou,Chuanqiandian, Central Guizhou,Qiandong, West,Chuanqiandian,Baheng, East,Baheng, West,Luobuohe, Eastern,Luobuohe, Western,Chuanqiandian, Northeast Yunnan	vei⁵⁵, ⁿtuŋ⁵⁵, mi⁵⁵, m̥en⁵⁵, ⁿqə̃⁵⁵
³¹	³¹	³¹	t	U+00b3 U+00b9	1718	Chuanqiandian, Central Guizhou,Baheng, East,Chuanqiandian, Northeast Yunnan,Chuanqiandian,Baheng, West,Luobuohe, Eastern,Luobuohe, Western	ⁿɢwaŋ³¹, ⁿɢwɑŋ³¹, ⁿto³¹, na³¹, ˀlu³¹
³³	³³	³³	t	U+00b3 U+00b3	1300	Luobuohe, Western,Chuanqiandian, Southern Guizhou,Chuanqiandian,Luobuohe, Eastern,Baheng, West,Baheng, East,Qiandong, East,Qiandong, West,Chuanqiandian, Northeast Yunnan	tau³³, qa³³, waŋ³³, waŋ³³, ʔuŋ³³
³⁵	³⁵	³⁵	t	U+00b3 U+2075	1140	Qiandong, East,Chuanqiandian, Southern Guizhou,Chuanqiandian, Northeast Yunnan,Luobuohe, Western,Baheng, West,Baheng, East	tu³⁵, qaŋ³⁵, ho³⁵, zɦaɯ³⁵, heu³⁵
²⁴	²⁴	²⁴	t	U+00b2 U+2074	903	Chuanqiandian,Chuanqiandian, Central Guizhou,Qiandong, East,Luobuohe, Eastern	zəu²⁴, lã²⁴, ljo²⁴, tju²⁴, ʔeu²⁴
⁴⁴	⁴⁴	⁴⁴	t	U+2074 U+2074	771	Chuanqiandian, Central Guizhou,Luobuohe, Eastern,Luobuohe, Western,Baheng, East,Chuanqiandian, Southern Guizhou,Baheng, West,Qiandong, East,Chuanqiandian,Qiandong, West	ljɔ⁴⁴, tɔ⁴⁴, tue⁴⁴, tei⁴⁴, qei⁴⁴
¹³	¹³	¹³	t	U+00b9 U+00b3	689	Baheng, West,Luobuohe, Western,Chuanqiandian, Northeast Yunnan,Qiandong, East,Chuanqiandian,Chuanqiandian, Southern Guizhou,Qiandong, West,Chuanqiandian, Central Guizhou	tso¹³, ɬa¹³, qɔ¹³, ho¹³, lje¹³
²/⁰	²/⁰	²/⁰	t	U+00b2 U+002f U+2070	675	Baheng, West,Chuanqiandian, Central Guizhou,Luobuohe, Eastern,Luobuohe, Western	ʔə²/⁰, tə²/⁰, tə²/⁰, ʔa²/⁰, ʔə²/⁰
¹¹	¹¹	¹¹	t	U+00b9 U+00b9	519	Luobuohe, Western,Baheng, East,Baheng, West,Qiandong, West,Chuanqiandian, Southern Guizhou,Chuanqiandian, Northeast Yunnan	ⁿdʑʱau¹¹, teŋ¹¹, po¹¹, ɬoŋ¹¹, pi¹¹
⁵³	⁵³	⁵³	t	U+2075 U+00b3	481	Chuanqiandian, Northeast Yunnan,Baheng, West,Qiandong, West,Baheng, East,Qiandong, East,Chuanqiandian, Southern Guizhou	sɔ⁵³, ⁿtoŋ⁵³, zo⁵³, lje⁵³, sau⁵³
²²	²²	²²	t	U+00b2 U+00b2	463	Chuanqiandian, Southern Guizhou,Chuanqiandian, Central Guizhou,Qiandong, West,Qiandong, East	ʑi²², me²², ʑin²², ʑə²², vuŋ²²
⁴²	⁴²	⁴²	t	U+2074 U+00b2	409	Baheng, West,Chuanqiandian, Southern Guizhou,Chuanqiandian, Central Guizhou	tæn⁴², ta⁴², ʔõ⁴², je⁴², tɕa⁴²
³/⁰	³/⁰	³/⁰	t	U+00b3 U+002f U+2070	277	Baheng, East,Baheng, West	ʔa³/⁰, la³/⁰, la³/⁰, qa³/⁰, la³/⁰
⁴³	⁴³	⁴³	t	U+2074 U+00b3	265	Chuanqiandian, Central Guizhou,Chuanqiandian	n̥o⁴³, qo⁴³, tɬaŋ⁴³, n̥o⁴³, tʂʰua⁴³
²¹	²¹	²¹	t	U+00b2 U+00b9	258	Chuanqiandian, Southern Guizhou,Chuanqiandian,Qiandong, West	ɭe²¹, teu²¹, to²¹, paŋ²¹, mei²¹
³²	³²	³²	t	U+00b3 U+00b2	197	Chuanqiandian, Southern Guizhou	li³², hoŋ³², pu³², koŋ³², tæ³²
³¹³	³¹³	³¹³	t	U+00b3 U+00b9 U+00b3	168	Baheng, East	tau³¹³, ʑa³¹³, qʰuŋ³¹³, kai³¹³, va³¹³
⁵/⁰	⁵/⁰	⁵/⁰	t	U+2075 U+002f U+2070	165	Luobuohe, Western,Luobuohe, Eastern	qo⁵/⁰, qo⁵/⁰, qo⁵/⁰, qo⁵/⁰, pə⁵/⁰
²¹²	²¹²	²¹²	t	U+00b2 U+00b9 U+00b2	74	Qiandong, East	ljaŋ²¹², to²¹², lo²¹², lo²¹², lo²¹²
²³²	²³²	²³²	t	U+00b2 U+00b3 U+00b2	44	Chuanqiandian, Southern Guizhou	hoŋ²³², saŋ²³², ʐæ²³², ɦo²³², hoŋ²³²
⁵⁴	⁵⁴	⁵⁴	t	U+2075 U+2074	1	Chuanqiandian	plɔ⁵⁴
²³¹	²³¹	²³¹	t	U+00b2 U+00b3 U+00b9	1	Baheng, East	nuŋ²³¹
³²³	³²³	³²³	t	U+00b3 U+00b2 U+00b3	1	Chuanqiandian, Southern Guizhou	ȵoŋ³²³
⁵	⁵	⁵	t	U+2075	1	Luobuohe, Western	zu⁵
¹³¹	¹³¹	¹³¹	t	U+00b9 U+00b3 U+00b9	1	Chuanqiandian, Southern Guizhou	nəŋ¹³¹
⁴/⁰	⁴/⁰	⁴/⁰	t	U+2074 U+002f U+2070	1	Baheng, West	ʔa⁴/⁰
⁵²	⁵²	⁵²	t	U+2075 U+00b2	1	Chuanqiandian, Southern Guizhou	tæ⁵²
aŋ	a ŋ	a ŋ	n c	U+0061 U+0020 U+014b	628	Chuanqiandian, Northeast Yunnan,Chuanqiandian, Central Guizhou,Luobuohe, Western,Qiandong, West,Qiandong, East,Baheng, East,Luobuohe, Eastern,Chuanqiandian,Chuanqiandian, Southern Guizhou,Baheng, West	taŋ³¹, qaŋ³¹, qaŋ³⁵, tɬaŋ⁴³, ʔaŋ⁵⁵
oŋ	o ŋ	o ŋ	n c	U+006f U+0020 U+014b	336	Chuanqiandian, Northeast Yunnan,Qiandong, East,Baheng, East,Chuanqiandian,Baheng, West,Luobuohe, Western,Chuanqiandian, Southern Guizhou	hoŋ³², toŋ⁵⁵, ʔoŋ⁴⁴, toŋ⁵⁵, ⁿtoŋ⁵³
uŋ	u ŋ	u ŋ	n c	U+0075 U+0020 U+014b	271	Qiandong, East,Qiandong, West,Baheng, East,Luobuohe, Eastern	ⁿtuŋ⁵⁵, tuŋ⁵⁵, ʔuŋ³³, vuŋ²², nuŋ⁵³
en	e n	e n	n c	U+0065 U+0020 U+006e	233	Baheng, West,Baheng, East,Qiandong, West,Chuanqiandian,Chuanqiandian, Southern Guizhou,Qiandong, East,Luobuohe, Eastern,Luobuohe, Western	m̥en⁵⁵, ʁʷen³¹, ⁿtsen⁵⁵, ʑen²⁴, ʑen²⁴
in	i n	i n	n c	U+0069 U+0020 U+006e	118	Baheng, West,Chuanqiandian,Qiandong, West,Chuanqiandian, Southern Guizhou,Qiandong, East,Luobuohe, Eastern,Luobuohe, Western	ʑin²², ʔʑin³⁵, ʑin¹³, ⁿbin³¹, ʑin³¹
eŋ	e ŋ	e ŋ	n c	U+0065 U+0020 U+014b	104	Baheng, West,Qiandong, East,Baheng, East	teŋ¹¹, leŋ²⁴, seŋ³¹, leŋ³¹³, peŋ¹³
ɑŋ	ɑ ŋ	ɑ ŋ	n c	U+0251 U+0020 U+014b	86	Luobuohe, Eastern,Luobuohe, Western	tɑŋ³¹, qɑŋ³¹, tɑŋ³⁵, ⁿpɑŋ³⁵, ⁿdzɑŋ⁵⁵
an	a n	a n	n c	U+0061 U+0020 U+006e	75	Baheng, West,Chuanqiandian, Southern Guizhou,Qiandong, East	kan⁴², kan³³, ɕan⁵³, tʰan¹³, van²²
æn	æ n	æ n	n c	U+00e6 U+0020 U+006e	42	Chuanqiandian, Southern Guizhou	tæn⁴², ɭæn⁵³, sæn⁴², ʐæn³², læn³²
iŋ	i ŋ	i ŋ	n c	U+0069 U+0020 U+014b	25	Baheng, East,Baheng, West	tɕiŋ³¹, liŋ³³, liŋ³³, tɕiŋ³³, m̥iŋ³¹³
əŋ	ə ŋ	ə ŋ	n c	U+0259 U+0020 U+014b	19	Chuanqiandian, Southern Guizhou	nəŋ¹³¹, məŋ²², məŋ²², məŋ²², nəŋ¹³
uan	ua n	ua n	n c	U+0075 U+0061 U+0020 U+006e	9	Qiandong, East	tɕuan²², tʰuan⁴⁴, kuan²⁴, suan⁴⁴, tuan⁵³
un	u n	u n	n c	U+0075 U+0020 U+006e	8	Qiandong, East,Qiandong, West	kʰun³³, kun²¹, kun³³, tʰun³³, ɕun⁵³
uaŋ	ua ŋ	ua ŋ	n c	U+0075 U+0061 U+0020 U+014b	2	Chuanqiandian,Luobuohe, Eastern	tʂuaŋ⁴³, tsʰuaŋ³³
am	a m	a m	n c	U+0061 U+0020 U+006d	1	Qiandong, West	ʔam⁵³
ɛŋ	ɛ ŋ	ɛ ŋ	n c	U+025b U+0020 U+014b	1	Baheng, West	nɛŋ¹¹
uen	ue n	ue n	n c	U+0075 U+0065 U+0020 U+006e	1	Chuanqiandian	ʑuen³¹
ar	a r	a r	n c	U+0061 U+0020 U+0072	1	Luobuohe, Eastern	ar⁵⁵
a	a	a	n	U+0061	1658	Luobuohe, Western,Chuanqiandian,Chuanqiandian, Southern Guizhou,Qiandong, East,Chuanqiandian, Central Guizhou,Qiandong, West,Baheng, East,Chuanqiandian, Northeast Yunnan,Baheng, West,Luobuohe, Eastern	na³¹, ɬa¹³, ta⁴², qa³³, ʔa³/⁰
o	o	o	n	U+006f	1204	Chuanqiandian, Southern Guizhou,Qiandong, West,Chuanqiandian, Central Guizhou,Qiandong, East,Chuanqiandian, Northeast Yunnan,Baheng, East,Baheng, West,Chuanqiandian,Luobuohe, Western,Luobuohe, Eastern	tso¹³, qo⁵/⁰, ⁿto³¹, qo⁵/⁰, to⁵⁵
i	i	i	n	U+0069	874	Qiandong, East,Chuanqiandian, Central Guizhou,Chuanqiandian, Southern Guizhou,Baheng, West,Luobuohe, Eastern,Baheng, East,Luobuohe, Western,Qiandong, West,Chuanqiandian,Chuanqiandian, Northeast Yunnan	mi⁵⁵, ɬi⁵⁵, li³², ɬi⁵⁵, ʑi²²
ə	ə	ə	n	U+0259	793	Qiandong, East,Chuanqiandian,Baheng, East,Chuanqiandian, Northeast Yunnan,Chuanqiandian, Southern Guizhou,Luobuohe, Eastern,Chuanqiandian, Central Guizhou,Luobuohe, Western	ʔə²/⁰, tə²/⁰, tə²/⁰, ʔə²/⁰, tə²/⁰
u	u	u	n	U+0075	780	Qiandong, East,Qiandong, West,Chuanqiandian,Baheng, East,Chuanqiandian, Central Guizhou,Chuanqiandian, Southern Guizhou,Baheng, West,Luobuohe, Eastern,Chuanqiandian, Northeast Yunnan,Luobuohe, Western	zu⁵, ˀlu³¹, tu³⁵, tu⁵⁵, tu⁵⁵
e	e	e	n	U+0065	612	Chuanqiandian, Northeast Yunnan,Qiandong, East,Luobuohe, Eastern,Chuanqiandian, Central Guizhou,Chuanqiandian, Southern Guizhou,Luobuohe, Western,Baheng, West,Chuanqiandian,Qiandong, West,Baheng, East	me²², ve⁵⁵, ve⁵⁵, ɭe²¹, ʔe⁴⁴
ei	ei	ei	n	U+0065 U+0069	447	Luobuohe, Western,Chuanqiandian, Southern Guizhou,Luobuohe, Eastern,Baheng, East,Qiandong, East,Baheng, West,Qiandong, West	vei⁵⁵, tei⁴⁴, qei⁴⁴, vei⁵⁵, nei²⁴
au	au	au	n	U+0061 U+0075	396	Luobuohe, Eastern,Qiandong, East,Baheng, West,Baheng, East,Chuanqiandian,Chuanqiandian, Northeast Yunnan	ⁿdʑʱau¹¹, tau³³, tɕau⁵⁵, ɢau³¹, tau³¹³
ɔ	ɔ	ɔ	n	U+0254	387	Qiandong, East,Baheng, West,Chuanqiandian, Southern Guizhou,Qiandong, West,Chuanqiandian	sɔ⁵³, tɔ⁴⁴, tɔ⁵⁵, qɔ¹³, nɔ³¹
eu	eu	eu	n	U+0065 U+0075	278	Baheng, West,Baheng, East,Chuanqiandian,Qiandong, West,Qiandong, East	ʔeu²⁴, heu³⁵, ʔeu²⁴, tsʰeu³³, ʔeu⁴⁴
ua	ua	ua	n	U+0075 U+0061	218	Chuanqiandian, Northeast Yunnan,Luobuohe, Eastern,Baheng, West,Qiandong, East,Baheng, East,Qiandong, West,Chuanqiandian, Southern Guizhou,Chuanqiandian	tʂua⁵⁵, tʂʰua⁴³, ʑua⁵⁵, pua¹³, ʂua⁴³
ɛ	ɛ	ɛ	n	U+025b	200	Qiandong, West,Luobuohe, Western,Baheng, West,Luobuohe, Eastern,Qiandong, East,Chuanqiandian, Central Guizhou	tɛ⁴², tɛ²⁴, tɛ²⁴, pɛ³¹, kɛ³³
ai	ai	ai	n	U+0061 U+0069	184	Luobuohe, Eastern,Baheng, West,Chuanqiandian,Chuanqiandian, Northeast Yunnan,Baheng, East	tɬai⁴⁴, lʱai¹¹, ⁿʈai²⁴, fai⁴³, fai³³
ɑ	ɑ	ɑ	n	U+0251	157	Luobuohe, Eastern,Luobuohe, Western	n̥ɑ³¹, ɬɑ³⁵, vɑ³⁵, lɑ³¹, qʷɑ³¹
æ	æ	æ	n	U+00e6	131	Luobuohe, Western,Qiandong, West,Chuanqiandian, Southern Guizhou	xʷæ⁵⁵, tɕæ⁴², tæ³², kæ⁵⁵, kæ⁴²
õ	õ	õ	n	U+00f5	122	Chuanqiandian, Central Guizhou	ʔõ⁴², ʔõ²⁴, sõ⁴², ʑõ⁴², ʐõ⁵⁵
ɯ	ɯ	ɯ	n	U+026f	111	Chuanqiandian, Southern Guizhou,Chuanqiandian, Central Guizhou,Chuanqiandian, Northeast Yunnan	tʂɯ²², sʰɯ¹³, ⁿzɯ²², ⁿtsɯ⁵⁵, tɯ¹¹
ɿ	ɿ	ɿ	n	U+027f	106	Baheng, West,Chuanqiandian, Southern Guizhou,Luobuohe, Western,Luobuohe, Eastern,Qiandong, East,Baheng, East,Chuanqiandian, Northeast Yunnan	tsɿ³³, tsɿ³/⁰, tsɿ³/⁰, tsɿ³³, tsɿ³/⁰
aɯ	aɯ	aɯ	n	U+0061 U+026f	98	Chuanqiandian, Northeast Yunnan	haɯ⁵⁵, tʂaɯ³³, ⁿdʱaɯ³⁵, naɯ⁵³, paɯ³³
ã	ã	ã	n	U+00e3	87	Chuanqiandian, Central Guizhou	lã²⁴, nã²², hã¹³, qã¹³, pã⁴²
y	y	y	n	U+0079	84	Luobuohe, Western,Qiandong, East,Luobuohe, Eastern,Chuanqiandian, Northeast Yunnan	ly⁵³, tsʰy⁵⁵, gy⁵⁵, tʰy¹¹, my⁵⁵
ẽ	ẽ	ẽ	n	U+1ebd	70	Qiandong, West,Chuanqiandian, Central Guizhou	kʰẽ⁵⁵, lẽ⁵⁵, tɕẽ²⁴, sẽ¹³, sʰẽ²⁴
ə̃	ə̃	ə̃	n	U+0259 U+0303	69	Chuanqiandian, Central Guizhou	ⁿqə̃⁵⁵, tə̃⁴², ⁿpə̃⁴², nə̃²⁴, sʰə̃⁴²
əu	əu	əu	n	U+0259 U+0075	65	Luobuohe, Western,Chuanqiandian, Southern Guizhou,Luobuohe, Eastern	zəu²⁴, ⁿtsəu⁵⁵, ˀləu⁵⁵, ⁿtəu⁵⁵, ləu⁵⁵
ey	ey	ey	n	U+0065 U+0079	59	Chuanqiandian, Northeast Yunnan	tsʰey¹¹, dey³³, ⁿtɕʰey⁵⁵, sey¹¹, tɬey¹¹
ue	ue	ue	n	U+0075 U+0065	48	Qiandong, East,Qiandong, West	tue⁴⁴, tue³³, tue⁴⁴, pʰue²⁴, pue²⁴
æ̃	æ̃	æ̃	n	U+00e6 U+0303	44	Qiandong, West	tæ̃³³, kæ̃⁴⁴, kæ̃⁴⁴, kæ̃⁴⁴, kæ̃⁴⁴
ĩ	ĩ	ĩ	n	U+0129	18	Chuanqiandian, Northeast Yunnan,Chuanqiandian, Central Guizhou	ʑĩ¹³, tĩ²², tĩ³¹, nĩ³¹, hĩ¹¹
oi	oi	oi	n	U+006f U+0069	18	Qiandong, West	poi⁴⁴, poi⁴⁴, moi⁵⁵, poi³³, poi²¹
ɪ	ɪ	ɪ	n	U+026a	18	Chuanqiandian, Southern Guizhou	lɪ¹³, hɪ²², ʐɪ¹¹, tɪ⁴⁴, lɪ¹³
uei	uei	uei	n	U+0075 U+0065 U+0069	16	Chuanqiandian, Central Guizhou,Chuanqiandian,Luobuohe, Eastern,Chuanqiandian, Southern Guizhou	suei⁵⁵, tʰuei²⁴, kuei²⁴, huei³², huei³²
eɯ	eɯ	eɯ	n	U+0065 U+026f	16	Qiandong, West	leɯ¹³, leɯ²¹, leɯ²², xʰeɯ¹¹, leɯ¹³
ʅ	ʅ	ʅ	n	U+0285	13	Chuanqiandian, Southern Guizhou,Chuanqiandian, Northeast Yunnan	tʅ¹¹, tʂʅ⁵⁵, ⁿʈʂʅ¹¹, tʂʅ³³, ɖʅ⁵³
ø	ø	ø	n	U+00f8	4	Luobuohe, Western	m̥ø³¹, ʔø³¹, ⁿbø⁵⁵, pø³¹
ɑu	ɑu	ɑu	n	U+0251 U+0075	2	Luobuohe, Western	pɑu³⁵, kʰɑu⁵⁵
æɯ	æɯ	æɯ	n	U+00e6 U+026f	1	Chuanqiandian, Northeast Yunnan	vʰæɯ³⁵
jaŋ	j a ŋ	j a ŋ	m n c	U+006a U+0020 U+0061 U+0020 U+014b	58	Luobuohe, Eastern,Baheng, East,Baheng, West,Qiandong, East,Qiandong, West	ljaŋ²², ljaŋ²¹², tjaŋ³⁵, ljaŋ²², tjaŋ³³
juŋ	j u ŋ	j u ŋ	m n c	U+006a U+0020 U+0075 U+0020 U+014b	43	Baheng, West,Luobuohe, Eastern,Qiandong, West,Qiandong, East,Baheng, East	ljuŋ³¹³, ʔjuŋ²⁴, tjuŋ²⁴, tjuŋ²², njuŋ²²
wen	w e n	w e n	m n c	U+0077 U+0020 U+0065 U+0020 U+006e	18	Baheng, West,Luobuohe, Western,Luobuohe, Eastern	wen³³, ʁwen³¹, wen³¹, qʰwen⁵⁵, wen⁵⁵
waŋ	w a ŋ	w a ŋ	m n c	U+0077 U+0020 U+0061 U+0020 U+014b	15	Luobuohe, Eastern,Baheng, East,Baheng, West	ⁿɢwaŋ³¹, waŋ³³, waŋ³³, kwaŋ⁴⁴, ⁿɢwaŋ²⁴
joŋ	j o ŋ	j o ŋ	m n c	U+006a U+0020 U+006f U+0020 U+014b	10	Baheng, West,Luobuohe, Western	ljoŋ¹¹, joŋ³¹, ljoŋ³¹, joŋ¹³, vjoŋ³¹
jen	j e n	j e n	m n c	U+006a U+0020 U+0065 U+0020 U+006e	10	Luobuohe, Eastern,Luobuohe, Western,Qiandong, East	tjen²², mjen²⁴, ljen²², njen²², ljen⁴⁴
ien	i e n	i e n	m n c	U+0069 U+0020 U+0065 U+0020 U+006e	10	Qiandong, East	mien¹³, mien²², mien²², mien²², pien²⁴
laŋ	l a ŋ	l a ŋ	m n c	U+006c U+0020 U+0061 U+0020 U+014b	9	Luobuohe, Eastern,Chuanqiandian, Southern Guizhou,Chuanqiandian	plaŋ⁴³, plaŋ⁴³, ⁿqlaŋ³¹, ⁿplaŋ⁵³, ⁿplaŋ⁵³
nen	n e n	n e n	m n c	U+006e U+0020 U+0065 U+0020 U+006e	8	Luobuohe, Eastern,Luobuohe, Western	ʔnen³⁵, ʔnen³³, ʔnen³¹, ʔnen³⁵, ʔnen³¹
loŋ	l o ŋ	l o ŋ	m n c	U+006c U+0020 U+006f U+0020 U+014b	7	Chuanqiandian,Chuanqiandian, Southern Guizhou,Luobuohe, Western	ⁿbloŋ³¹, ⁿploŋ³¹, ploŋ⁴², ⁿbloŋ³¹, ⁿploŋ³¹
noŋ	n o ŋ	n o ŋ	m n c	U+006e U+0020 U+006f U+0020 U+014b	5	Luobuohe, Western	ʔnoŋ⁵⁵, ʔnoŋ⁵⁵, ʔnoŋ⁵⁵, ʔnoŋ⁵⁵, ʔnoŋ⁵⁵
jin	j i n	j i n	m n c	U+006a U+0020 U+0069 U+0020 U+006e	5	Qiandong, West,Qiandong, East	njin⁵³, ɬjin⁴⁴, njin²², njin²², njin¹³
jan	j a n	j a n	m n c	U+006a U+0020 U+0061 U+0020 U+006e	5	Qiandong, East	njan²⁴, njan³³, njan⁵³, ɬjan²⁴, njan²¹²
luŋ	l u ŋ	l u ŋ	m n c	U+006c U+0020 U+0075 U+0020 U+014b	5	Luobuohe, Eastern	ⁿbluŋ³¹, qluŋ⁵⁵, ⁿbluŋ³¹, pluŋ⁵⁵, qluŋ⁵⁵
len	l e n	l e n	m n c	U+006c U+0020 U+0065 U+0020 U+006e	4	Luobuohe, Eastern,Chuanqiandian, Southern Guizhou,Luobuohe, Western	qlen³¹, qlen³¹, ⁿblen³⁵, ⁿplen¹³
ʈaŋ	ʈ a ŋ	ʈ a ŋ	m n c	U+0288 U+0020 U+0061 U+0020 U+014b	4	Chuanqiandian, Southern Guizhou	ɳʈaŋ³², ɳʈaŋ²², ɳʈaŋ⁴⁴, ɳʈaŋ³²
wɑŋ	w ɑ ŋ	w ɑ ŋ	m n c	U+0077 U+0020 U+0251 U+0020 U+014b	4	Luobuohe, Western	ⁿɢwɑŋ³¹, qʰwɑŋ⁵⁵, wɑŋ⁵⁵, qʰwɑŋ³¹
zaŋ	z a ŋ	z a ŋ	m n c	U+007a U+0020 U+0061 U+0020 U+014b	3	Luobuohe, Eastern	vzaŋ³³, vzaŋ³¹, vzaŋ³¹
ȵoŋ	ȵ o ŋ	ȵ o ŋ	m n c	U+0235 U+0020 U+006f U+0020 U+014b	3	Luobuohe, Western	ʔȵoŋ⁵⁵, ʔȵoŋ³¹, ʔȵoŋ³¹
lɛn	l ɛ n	l ɛ n	m n c	U+006c U+0020 U+025b U+0020 U+006e	2	Luobuohe, Eastern	qlɛn⁵⁵, qlɛn⁵⁵
læn	l æ n	l æ n	m n c	U+006c U+0020 U+00e6 U+0020 U+006e	2	Chuanqiandian, Southern Guizhou	ⁿplæn⁵³, plæn³²
muŋ	m u ŋ	m u ŋ	m n c	U+006d U+0020 U+0075 U+0020 U+014b	2	Luobuohe, Eastern	ʔmuŋ³¹, ʔmuŋ³¹
ʁen	ʁ e n	ʁ e n	m n c	U+0281 U+0020 U+0065 U+0020 U+006e	2	Luobuohe, Eastern	qʁen³³, qʁen³³
ʈoŋ	ʈ o ŋ	ʈ o ŋ	m n c	U+0288 U+0020 U+006f U+0020 U+014b	2	Luobuohe, Western	ɳʈoŋ³¹, ɳʈoŋ³¹
wuŋ	w u ŋ	w u ŋ	m n c	U+0077 U+0020 U+0075 U+0020 U+014b	2	Baheng, East	wuŋ³³, wuŋ³³
woŋ	w o ŋ	w o ŋ	m n c	U+0077 U+0020 U+006f U+0020 U+014b	2	Baheng, West	woŋ³⁵, woŋ³⁵
iaŋ	i a ŋ	i a ŋ	m n c	U+0069 U+0020 U+0061 U+0020 U+014b	2	Luobuohe, Eastern,Baheng, West	siaŋ⁵⁵, hiaŋ⁵⁵
ȵuŋ	ȵ u ŋ	ȵ u ŋ	m n c	U+0235 U+0020 U+0075 U+0020 U+014b	2	Luobuohe, Eastern	ʔȵuŋ³¹, ʔȵuŋ³¹
ʐaŋ	ʐ a ŋ	ʐ a ŋ	m n c	U+0290 U+0020 U+0061 U+0020 U+014b	2	Chuanqiandian, Southern Guizhou	pʐaŋ³⁵, ⁿpʐaŋ²³²
lɑŋ	l ɑ ŋ	l ɑ ŋ	m n c	U+006c U+0020 U+0251 U+0020 U+014b	2	Luobuohe, Western	qlɑŋ³¹, qlɑŋ³¹
jiŋ	j i ŋ	j i ŋ	m n c	U+006a U+0020 U+0069 U+0020 U+014b	1	Baheng, West	jiŋ¹¹
jøŋ	j ø ŋ	j ø ŋ	m n c	U+006a U+0020 U+00f8 U+0020 U+014b	1	Luobuohe, Western	jøŋ³¹
ian	i a n	i a n	m n c	U+0069 U+0020 U+0061 U+0020 U+006e	1	Chuanqiandian, Southern Guizhou	tʰian²¹
ʑuŋ	ʑ u ŋ	ʑ u ŋ	m n c	U+0291 U+0020 U+0075 U+0020 U+014b	1	Luobuohe, Eastern	ʔʑuŋ⁵⁵
ɹaŋ	ɹ a ŋ	ɹ a ŋ	m n c	U+0279 U+0020 U+0061 U+0020 U+014b	1	Luobuohe, Eastern	qɹaŋ²⁴
jun	j u n	j u n	m n c	U+006a U+0020 U+0075 U+0020 U+006e	1	Qiandong, West	ɬjun³³
jɑŋ	j ɑ ŋ	j ɑ ŋ	m n c	U+006a U+0020 U+0251 U+0020 U+014b	1	Luobuohe, Western	jɑŋ⁵⁵
ɹen	ɹ e n	ɹ e n	m n c	U+0279 U+0020 U+0065 U+0020 U+006e	1	Luobuohe, Eastern	qɹen³¹
ȵaŋ	ȵ a ŋ	ȵ a ŋ	m n c	U+0235 U+0020 U+0061 U+0020 U+014b	1	Luobuohe, Eastern	ʔȵaŋ⁵⁵
ʑɑŋ	ʑ ɑ ŋ	ʑ ɑ ŋ	m n c	U+0291 U+0020 U+0251 U+0020 U+014b	1	Luobuohe, Western	ʔʑɑŋ³¹
ja	j a	j a	m n	U+006a U+0020 U+0061	84	Chuanqiandian, Southern Guizhou,Luobuohe, Western,Qiandong, East,Baheng, East,Luobuohe, Eastern,Baheng, West,Qiandong, West	lja⁵⁵, lja⁵⁵, pja³³, lja⁴⁴, ⁿbja²⁴
je	j e	j e	m n	U+006a U+0020 U+0065	81	Chuanqiandian, Southern Guizhou,Qiandong, East,Qiandong, West,Luobuohe, Eastern,Baheng, West,Luobuohe, Western,Baheng, East	tje⁵⁵, ⁿpje³³, lje⁵³, je⁴², lje¹³
jei	j ei	j ei	m n	U+006a U+0020 U+0065 U+0069	63	Qiandong, East,Baheng, East,Baheng, West	njei³³, ljei³⁵, jei³³, tʰjei⁵³, tjei⁵⁵
ji	j i	j i	m n	U+006a U+0020 U+0069	60	Luobuohe, Eastern,Baheng, West,Luobuohe, Western	ʔji³¹, ji²⁴, ji³⁵, ji³⁵, ⁿbji³¹
jo	j o	j o	m n	U+006a U+0020 U+006f	59	Luobuohe, Eastern,Qiandong, East,Qiandong, West,Baheng, East,Baheng, West	ljo²⁴, jo³⁵, jo³⁵, pʰjo³⁵, mjo³¹
ju	j u	j u	m n	U+006a U+0020 U+0075	47	Luobuohe, Western,Baheng, East,Luobuohe, Eastern,Baheng, West,Qiandong, West	tju²⁴, ˀlju³¹, ju⁵⁵, tju³³, tju³³
ie	i e	i e	m n	U+0069 U+0020 U+0065	42	Luobuohe, Eastern,Baheng, East,Chuanqiandian, Central Guizhou,Luobuohe, Western,Chuanqiandian, Northeast Yunnan	tsʰie⁵⁵, ⁿdzie³³, sie⁵⁵, sie⁵⁵, zie⁵⁵
wa	w a	w a	m n	U+0077 U+0020 U+0061	38	Chuanqiandian,Chuanqiandian, Northeast Yunnan,Chuanqiandian, Central Guizhou,Baheng, West,Chuanqiandian, Southern Guizhou,Luobuohe, Eastern,Baheng, East	kwa⁵⁵, kwa⁵⁵, kwa⁵⁵, wa⁵⁵, ʔwa⁵⁵
jeu	j eu	j eu	m n	U+006a U+0020 U+0065 U+0075	37	Baheng, East,Qiandong, West,Baheng, West,Qiandong, East	tjeu⁴⁴, ljeu³³, ljeu²², tjeu²⁴, njeu²⁴
jɔ	j ɔ	j ɔ	m n	U+006a U+0020 U+0254	36	Chuanqiandian, Southern Guizhou,Qiandong, West,Qiandong, East	ljɔ⁴⁴, ljɔ²⁴, pjɔ⁴⁴, pjɔ⁴⁴, pjɔ¹¹
wei	w ei	w ei	m n	U+0077 U+0020 U+0065 U+0069	33	Chuanqiandian, Northeast Yunnan,Luobuohe, Western,Baheng, West,Luobuohe, Eastern,Baheng, East	wei¹¹, kwei³⁵, wei³¹, kwei³¹³, kwei³¹³
lo	l o	l o	m n	U+006c U+0020 U+006f	22	Chuanqiandian,Chuanqiandian, Northeast Yunnan,Luobuohe, Western,Luobuohe, Eastern,Chuanqiandian, Central Guizhou	plo²⁴, pʰlo⁴⁴, plo²⁴, qlo³¹, qlo³¹
zi	z i	z i	m n	U+007a U+0020 U+0069	21	Luobuohe, Eastern	pʰzi⁵⁵, ⁿpzi²⁴, ⁿpzi²⁴, pzi⁵⁵, pzi²⁴
ɦa	ɦ a	ɦ a	m n	U+0266 U+0020 U+0061	19	Chuanqiandian, Northeast Yunnan	mɦa¹¹, mɦa¹¹, mɦa³⁵, zɦa¹¹, mɦa³⁵
we	w e	w e	m n	U+0077 U+0020 U+0065	19	Chuanqiandian, Southern Guizhou,Luobuohe, Western,Baheng, East,Baheng, West	we³⁵, we⁵⁵, we⁵⁵, kwe⁴², we¹¹
ləu	l əu	l əu	m n	U+006c U+0020 U+0259 U+0075	14	Luobuohe, Western,Luobuohe, Eastern	ⁿbləu³¹, ⁿbləu³¹, pləu³¹, pləu³¹, qləu⁵⁵
wai	w ai	w ai	m n	U+0077 U+0020 U+0061 U+0069	14	Luobuohe, Eastern,Baheng, East,Baheng, West	kwai³¹, wai²⁴, wai³³, kwai³³, wai³⁵
wo	w o	w o	m n	U+0077 U+0020 U+006f	14	Chuanqiandian, Northeast Yunnan,Luobuohe, Western,Baheng, West,Chuanqiandian, Southern Guizhou	kwo¹³, wo¹³, wo⁴⁴, kwo³⁵, wo³⁵
la	l a	l a	m n	U+006c U+0020 U+0061	14	Chuanqiandian,Luobuohe, Western,Chuanqiandian, Northeast Yunnan,Luobuohe, Eastern,Chuanqiandian, Central Guizhou	qla⁵⁵, qla⁵⁵, ⁿdla³¹, qla⁵⁵, ⁿpla⁵⁵
jɛ	j ɛ	j ɛ	m n	U+006a U+0020 U+025b	14	Qiandong, East,Luobuohe, Eastern	ʔjɛ³³, ⁿbjɛ²⁴, jɛ⁵⁵, ɬjɛ⁴⁴, ⁿpjɛ³¹
uæ	u æ	u æ	m n	U+0075 U+0020 U+00e6	14	Chuanqiandian, Southern Guizhou,Qiandong, West	luæ⁵⁵, kuæ¹³, kuæ¹³, kuæ⁴⁴, kuæ⁴⁴
ɦau	ɦ au	ɦ au	m n	U+0266 U+0020 U+0061 U+0075	13	Chuanqiandian, Northeast Yunnan	bɦau³⁵, mɦau³¹, bɦau³⁵, zɦau³¹, dʑɦau³¹
lei	l ei	l ei	m n	U+006c U+0020 U+0065 U+0069	13	Chuanqiandian, Southern Guizhou,Luobuohe, Western,Luobuohe, Eastern	ʁlei³¹, qlei⁵⁵, qlei⁵⁵, ʁlei³¹, ʁlei³¹
lɛ	l ɛ	l ɛ	m n	U+006c U+0020 U+025b	12	Chuanqiandian, Central Guizhou	ⁿplɛ⁵⁵, ⁿplɛ³¹, ⁿplɛ⁵⁵, ⁿplɛ⁵⁵, plɛ¹³
ui	u i	u i	m n	U+0075 U+0020 U+0069	12	Chuanqiandian, Northeast Yunnan,Luobuohe, Western,Chuanqiandian,Qiandong, West	kui⁵⁵, kui⁵⁵, tʂʰui³¹, tsui⁵⁵, tʂui⁴³
wi	w i	w i	m n	U+0077 U+0020 U+0069	11	Luobuohe, Western,Baheng, East,Baheng, West	ⁿkwi⁵⁵, wi¹¹, ⁿkwi³³, kwi⁵⁵, ⁿɢwi⁵⁵
lɔ	l ɔ	l ɔ	m n	U+006c U+0020 U+0254	11	Chuanqiandian, Southern Guizhou,Chuanqiandian	plɔ⁴³, plɔ³², plɔ⁴³, plɔ⁴³, ⁿplɔ²⁴
lu	l u	l u	m n	U+006c U+0020 U+0075	11	Chuanqiandian, Southern Guizhou,Luobuohe, Western,Chuanqiandian, Central Guizhou	ⁿplu²², qlu⁵⁵, pʰlu²⁴, ⁿplu²², ⁿplu²¹
lə	l ə	l ə	m n	U+006c U+0020 U+0259	10	Chuanqiandian, Southern Guizhou,Chuanqiandian, Central Guizhou	plə¹³, plə⁴², ⁿplə²², plə⁴², ⁿplə⁵⁵
ɦaɯ	ɦ aɯ	ɦ aɯ	m n	U+0266 U+0020 U+0061 U+026f	10	Chuanqiandian, Northeast Yunnan	zɦaɯ³⁵, ⁿgɦaɯ³⁵, nɦaɯ³⁵, nɦaɯ³⁵, bɦaɯ³⁵
wɑ	w ɑ	w ɑ	m n	U+0077 U+0020 U+0251	10	Luobuohe, Western	ʔwɑ⁵⁵, qwɑ³⁵, qwɑ³¹, qwɑ⁵⁵, qwɑ³¹
jy	j y	j y	m n	U+006a U+0020 U+0079	9	Luobuohe, Eastern,Luobuohe, Western	jy³¹, jy³⁵, ʔjy³⁵, ʔjy³¹, ʔjy³¹
ʐæ	ʐ æ	ʐ æ	m n	U+0290 U+0020 U+00e6	9	Chuanqiandian, Southern Guizhou	ⁿpʐæ⁵³, pʐæ⁴², pʐæ⁴², pʐæ⁴², pʐæ⁴²
wæ	w æ	w æ	m n	U+0077 U+0020 U+00e6	8	Chuanqiandian, Southern Guizhou,Luobuohe, Western	wæ³⁵, wæ²², wæ³⁵, wæ³⁵, ʔwæ³¹
le	l e	l e	m n	U+006c U+0020 U+0065	8	Chuanqiandian,Chuanqiandian, Central Guizhou,Luobuohe, Western,Chuanqiandian, Southern Guizhou,Luobuohe, Eastern	ⁿble³³, ⁿple⁵⁵, ⁿple²¹, ple²⁴, ⁿple³¹
uæ̃	u æ̃	u æ̃	m n	U+0075 U+0020 U+00e6 U+0303	8	Qiandong, West	kuæ̃⁴⁴, tɕuæ̃³³, kuæ̃⁴⁴, ɕuæ̃⁴⁴, ɕuæ̃³³
li	l i	l i	m n	U+006c U+0020 U+0069	7	Chuanqiandian,Chuanqiandian, Northeast Yunnan,Chuanqiandian, Central Guizhou	dʱli³⁵, pli¹³, dʱli³⁵, pʰli³³, dʱli³⁵
wɔ	w ɔ	w ɔ	i n	U+0077 U+0020 U+0254	7	Chuanqiandian, Southern Guizhou	wɔ⁴², wɔ³⁵, wɔ³⁵, wɔ²³², wɔ²³²
lõ	l õ	l õ	m n	U+006c U+0020 U+00f5	7	Chuanqiandian, Central Guizhou	ⁿplõ⁵⁵, plõ²⁴, mlõ²², plõ¹³, ⁿplõ⁵⁵
ʐe	ʐ e	ʐ e	m n	U+0290 U+0020 U+0065	7	Chuanqiandian, Southern Guizhou	ⁿpʐe¹¹, ⁿpʐe¹¹, ⁿpʐe¹¹, ⁿpʐe¹¹, ⁿpʐe¹¹
uẽ	u ẽ	u ẽ	m n	U+0075 U+0020 U+1ebd	6	Qiandong, West	puẽ³³, tɕuẽ²², luẽ⁵³, tuẽ³³, ɕʰuẽ¹³
jau	j au	j au	m n	U+006a U+0020 U+0061 U+0075	6	Baheng, East	ⁿpjau³¹, ⁿpjau⁵⁵, ⁿpjau³¹, tjau³⁵, tjau³¹
ɦo	ɦ o	ɦ o	m n	U+0266 U+0020 U+006f	6	Chuanqiandian, Northeast Yunnan	dʑɦo³⁵, mɦo¹¹, ⁿgɦo³⁵, zɦo¹¹, bɦo³¹
jẽ	j ẽ	j ẽ	m n	U+006a U+0020 U+1ebd	6	Qiandong, West	mjẽ⁵⁵, njẽ²², tʰjẽ⁵³, tjẽ³³, tjẽ²²
ʈu	ʈ u	ʈ u	m n	U+0288 U+0020 U+0075	6	Luobuohe, Eastern,Luobuohe, Western	ɳʈu³¹, ɳʈu³⁵, ɳʈu⁵⁵, ɳʈu³¹, ɳʈu³¹
jeɯ	j eɯ	j eɯ	m n	U+006a U+0020 U+0065 U+026f	6	Qiandong, West	ljeɯ⁴⁴, ljeɯ⁴⁴, ɬjeɯ¹¹, mjeɯ⁵⁵, ljeɯ⁴⁴
wu	w u	w u	m n	U+0077 U+0020 U+0075	5	Baheng, West,Qiandong, West,Luobuohe, Western,Chuanqiandian, Southern Guizhou	wu¹³, wu¹³, wu¹³, wu⁵⁵, wu⁴⁴
leu	l eu	l eu	m n	U+006c U+0020 U+0065 U+0075	4	Luobuohe, Eastern,Luobuohe, Western,Chuanqiandian	pleu³¹, pleu³¹, pleu⁵⁵, ⁿpleu²⁴
ɦu	ɦ u	ɦ u	m n	U+0266 U+0020 U+0075	4	Chuanqiandian, Northeast Yunnan	ŋɦu¹¹, zɦu¹¹, ⁿɖɦu³¹, dʐɦu³⁵
læ	l æ	l æ	m n	U+006c U+0020 U+00e6	4	Chuanqiandian, Southern Guizhou,Luobuohe, Western	ⁿblæ³¹, plæ³⁵, plæ³⁵, ⁿplæ⁵³
lʱau	lʱ au	lʱ au	m n	U+006c U+02b1 U+0020 U+0061 U+0075	4	Chuanqiandian, Northeast Yunnan	ⁿdlʱau³⁵, ⁿdlʱau³¹, ⁿdlʱau³⁵, ⁿdlʱau³¹
ɦɯ	ɦ ɯ	ɦ ɯ	m n	U+0266 U+0020 U+026f	4	Chuanqiandian, Northeast Yunnan	ŋɦɯ³¹, dʑɦɯ³⁵, bɦɯ¹¹, ⁿgɦɯ¹¹
ʐu	ʐ u	ʐ u	m n	U+0290 U+0020 U+0075	4	Chuanqiandian, Southern Guizhou	ⁿpʐu¹³, ⁿpʐu¹³, pʐu⁵³, pʐu⁴⁴
ʐa	ʐ a	ʐ a	m n	U+0290 U+0020 U+0061	4	Chuanqiandian, Southern Guizhou	pʐa²², ⁿpʐa³², ⁿpʐa³², ⁿpʐa³²
jæ̃	j æ̃	j æ̃	m n	U+006a U+0020 U+00e6 U+0303	4	Qiandong, West	tjæ̃⁴⁴, tjæ̃⁴⁴, tjæ̃⁴⁴, ɬʰjæ̃³³
ɦey	ɦ ey	ɦ ey	m n	U+0266 U+0020 U+0065 U+0079	4	Chuanqiandian, Northeast Yunnan	ⁿgɦey³⁵, ⁿgɦey³⁵, ⁿgɦey³⁵, dʐɦey¹¹
lʱi	lʱ i	lʱ i	m n	U+006c U+02b1 U+0020 U+0069	4	Chuanqiandian, Northeast Yunnan	ⁿdlʱi³⁵, ⁿdlʱi³⁵, ⁿdlʱi³⁵, ⁿdlʱi³⁵
jæ	j æ	j æ	m n	U+006a U+0020 U+00e6	4	Luobuohe, Western	jæ⁵⁵, ʔjæ³¹, jæ³⁵, ʔjæ³¹
wau	w au	w au	m n	U+0077 U+0020 U+0061 U+0075	4	Baheng, East	kwau³⁵, kwau³⁵, kwau³⁵, kwau³⁵
lɯ	l ɯ	l ɯ	m n	U+006c U+0020 U+026f	4	Chuanqiandian, Southern Guizhou,Chuanqiandian, Central Guizhou	ⁿplɯ²², ⁿplɯ⁴², ⁿplɯ¹¹, plɯ²²
ʐɪ	ʐ ɪ	ʐ ɪ	m n	U+0290 U+0020 U+026a	3	Chuanqiandian, Southern Guizhou	ⁿpʐɪ²¹, ⁿpʐɪ²¹, pʐɪ³²
wua	w ua	w ua	m n	U+0077 U+0020 U+0075 U+0061	3	Chuanqiandian, Southern Guizhou	wua⁴², wua⁵³, wua³²
ʐə	ʐ ə	ʐ ə	m n	U+0290 U+0020 U+0259	3	Chuanqiandian, Southern Guizhou	ⁿpʐə¹³, ⁿpʐə¹³, pʐə¹³
lɑ	l ɑ	l ɑ	m n	U+006c U+0020 U+0251	3	Luobuohe, Western	qlɑ⁵⁵, qlɑ³¹, qlɑ³⁵
wə	w ə	w ə	m n	U+0077 U+0020 U+0259	3	Chuanqiandian, Southern Guizhou	wə¹³, wə¹¹, wə¹¹
ʈə	ʈ ə	ʈ ə	m n	U+0288 U+0020 U+0259	3	Chuanqiandian, Southern Guizhou	ɳʈə¹¹, ɳʈə¹¹, ɳʈə¹¹
tʂə	tʂ ə	tʂ ə	m n	U+0074 U+0282 U+0020 U+0259	3	Chuanqiandian, Northeast Yunnan	ɳtʂə⁵⁵, ɳtʂə³³, ɳtʂə³³
ʑu	ʑ u	ʑ u	m n	U+0291 U+0020 U+0075	3	Luobuohe, Eastern	ʔʑu³¹, ʔʑu³¹, ʔʑu³¹
ʁei	ʁ ei	ʁ ei	m n	U+0281 U+0020 U+0065 U+0069	3	Luobuohe, Eastern	qʁei²⁴, qʁei²⁴, qʁei²⁴
wɛ	w ɛ	w ɛ	m n	U+0077 U+0020 U+025b	3	Luobuohe, Eastern	wɛ²⁴, ʔwɛ³³, qwɛ³¹
lʱai	lʱ ai	lʱ ai	m n	U+006c U+02b1 U+0020 U+0061 U+0069	3	Chuanqiandian, Northeast Yunnan	ⁿdlʱai³¹, ⁿdlʱai¹¹, ⁿdlʱai¹¹
lɑu	l ɑu	l ɑu	m n	U+006c U+0020 U+0251 U+0075	2	Luobuohe, Western	plɑu⁵⁵, ⁿblɑu³¹
wɯ	w ɯ	w ɯ	m n	U+0077 U+0020 U+026f	2	Chuanqiandian, Southern Guizhou	wɯ¹³, wɯ³³
ʑo	ʑ o	ʑ o	m n	U+0291 U+0020 U+006f	2	Luobuohe, Eastern	ʔʑo³³, ʔʑo²⁴
ʐɔ	ʐ ɔ	ʐ ɔ	m n	U+0290 U+0020 U+0254	2	Chuanqiandian, Southern Guizhou	pʐɔ³⁵, ⁿpʐɔ²¹
ʈi	ʈ i	ʈ i	m n	U+0288 U+0020 U+0069	2	Chuanqiandian,Luobuohe, Western	ɳʈi³⁵, ɳʈi¹³
ɦy	ɦ y	ɦ y	m n	U+0266 U+0020 U+0079	2	Chuanqiandian, Northeast Yunnan	bɦy³⁵, dʐɦy³¹
lə̃	l ə̃	l ə̃	m n	U+006c U+0020 U+0259 U+0303	2	Chuanqiandian, Central Guizhou	mlə̃²², mlə̃³¹
ʐəu	ʐ əu	ʐ əu	m n	U+0290 U+0020 U+0259 U+0075	2	Chuanqiandian, Southern Guizhou	ⁿpʐəu⁵⁵, ⁿpʐəu⁵⁵
tʂʰaɯ	tʂʰ aɯ	tʂʰ aɯ	m n	U+0074 U+0282 U+02b0 U+0020 U+0061 U+026f	2	Chuanqiandian, Northeast Yunnan	ɳtʂʰaɯ⁵⁵, ɳtʂʰaɯ⁵⁵
lai	l ai	l ai	m n	U+006c U+0020 U+0061 U+0069	2	Chuanqiandian	ⁿplai²⁴, ⁿplai⁴⁴
lau	l au	l au	m n	U+006c U+0020 U+0061 U+0075	2	Chuanqiandian, Northeast Yunnan	dʱlau³⁵, dʱlau³⁵
lʱo	lʱ o	lʱ o	m n	U+006c U+02b1 U+0020 U+006f	2	Chuanqiandian, Northeast Yunnan	ⁿdlʱo³⁵, ⁿdlʱo³⁵
ʈʰie	ʈʰ ie	ʈʰ ie	m n	U+0288 U+02b0 U+0020 U+0069 U+0065	2	Chuanqiandian, Northeast Yunnan	ɳʈʰie⁵⁵, ɳʈʰie⁵⁵
ʈa	ʈ a	ʈ a	m n	U+0288 U+0020 U+0061	2	Chuanqiandian, Northeast Yunnan,Chuanqiandian, Southern Guizhou	ɳʈa³², ɳʈa³³
ɹəu	ɹ əu	ɹ əu	m n	U+0279 U+0020 U+0259 U+0075	2	Luobuohe, Eastern	ʁɹəu³³, qɹəu³³
tʂʰie	tʂʰ ie	tʂʰ ie	m n	U+0074 U+0282 U+02b0 U+0020 U+0069 U+0065	2	Chuanqiandian, Northeast Yunnan	ɳtʂʰie⁵⁵, ɳtʂʰie⁵⁵
ʐei	ʐ ei	ʐ ei	m n	U+0290 U+0020 U+0065 U+0069	2	Chuanqiandian, Southern Guizhou	pʐei⁴², pʐei²¹
ʈo	ʈ o	ʈ o	m n	U+0288 U+0020 U+006f	2	Chuanqiandian, Northeast Yunnan,Chuanqiandian, Southern Guizhou	ɳʈo⁵⁵, ɳʈo¹¹
lua	l ua	l ua	m n	U+006c U+0020 U+0075 U+0061	2	Chuanqiandian	tlua³¹, ⁿplua¹³
ɭɔ	ɭ ɔ	ɭ ɔ	m n	U+026d U+0020 U+0254	2	Chuanqiandian, Southern Guizhou	pɭɔ³², pɭɔ³²
zau	z au	z au	m n	U+007a U+0020 U+0061 U+0075	2	Luobuohe, Eastern	pzau³³, pzau³³
ʈe	ʈ e	ʈ e	m n	U+0288 U+0020 U+0065	2	Chuanqiandian, Southern Guizhou,Luobuohe, Western	ɳʈe²¹, ɳʈe³⁵
tɕi	tɕ i	tɕ i	m n	U+0074 U+0255 U+0020 U+0069	2	Luobuohe, Eastern	ȵ̩tɕi²⁴, ȵ̩tɕi²⁴
ʈei	ʈ ei	ʈ ei	m n	U+0288 U+0020 U+0065 U+0069	2	Luobuohe, Eastern,Chuanqiandian, Southern Guizhou	ɳʈei³⁵, ɳʈei²⁴
ɹɛ	ɹ ɛ	ɹ ɛ	m n	U+0279 U+0020 U+025b	1	Luobuohe, Eastern	ʁɹɛ²⁴
laɯ	l aɯ	l aɯ	m n	U+006c U+0020 U+0061 U+026f	1	Chuanqiandian, Northeast Yunnan	dʱlaɯ³⁵
uo	u o	u o	m n	U+0075 U+0020 U+006f	1	Chuanqiandian, Southern Guizhou	kuo⁴⁴
wʰaɯ	wʰ aɯ	wʰ aɯ	m n	U+0077 U+02b0 U+0020 U+0061 U+026f	1	Chuanqiandian, Northeast Yunnan	wʰaɯ³⁵
tʂʅ	tʂ ʅ	tʂ ʅ	m n	U+0074 U+0282 U+0020 U+0285	1	Chuanqiandian, Northeast Yunnan	ɳtʂʅ¹¹
jø	j ø	j ø	m n	U+006a U+0020 U+00f8	1	Luobuohe, Western	jø³¹
ieu	i eu	i eu	m n	U+0069 U+0020 U+0065 U+0075	1	Qiandong, East	tsieu⁴⁴
lʱa	lʱ a	lʱ a	m n	U+006c U+02b1 U+0020 U+0061	1	Chuanqiandian, Northeast Yunnan	ⁿdlʱa¹¹
jə	j ə	j ə	m n	U+006a U+0020 U+0259	1	Luobuohe, Western	jə²/⁰
ʐua	ʐ ua	ʐ ua	m n	U+0290 U+0020 U+0075 U+0061	1	Chuanqiandian, Southern Guizhou	ⁿpʐua⁵³
ɦie	ɦi e	ɦi e	m n	U+0266 U+0069 U+0020 U+0065	1	Chuanqiandian, Northeast Yunnan	dʑɦie³⁵
lẽ	l ẽ	l ẽ	m n	U+006c U+0020 U+1ebd	1	Chuanqiandian, Central Guizhou	plẽ³¹
zɿ	z ɿ	z ɿ	m n	U+007a U+0020 U+027f	1	Luobuohe, Eastern	ⁿbzɿ³¹
lʱey	lʱ ey	lʱ ey	m n	U+006c U+02b1 U+0020 U+0065 U+0079	1	Chuanqiandian, Northeast Yunnan	ⁿdlʱey³¹
yɛ	y ɛ	y ɛ	m n	U+0079 U+0020 U+025b	1	Luobuohe, Eastern	tɕyɛ³³
uã	u ã	u ã	m n	U+0075 U+0020 U+00e3	1	Luobuohe, Western	tsuã⁵⁵
tʂʰai	tʂʰ ai	tʂʰ ai	m n	U+0074 U+0282 U+02b0 U+0020 U+0061 U+0069	1	Chuanqiandian, Northeast Yunnan	ɳtʂʰai³³
lʱy	lʱ y	lʱ y	m n	U+006c U+02b1 U+0020 U+0079	1	Chuanqiandian, Northeast Yunnan	ⁿdlʱy¹¹
iɑu	i ɑu	i ɑu	m n	U+0069 U+0020 U+0251 U+0075	1	Luobuohe, Western	pʰiɑu³¹
ʁa	ʁ a	ʁ a	m n	U+0281 U+0020 U+0061	1	Luobuohe, Eastern	qʰʁa⁵⁵
ɹe	ɹ e	ɹ e	m n	U+0279 U+0020 U+0065	1	Luobuohe, Eastern	qɹe³³
ia	i a	i a	m n	U+0069 U+0020 U+0061	1	Baheng, West	hia³⁵
ʐo	ʐ o	ʐ o	m n	U+0290 U+0020 U+006f	1	Chuanqiandian, Southern Guizhou	pʐo²²
ʐɿ	ʐ ɿ	ʐ ɿ	m n	U+0290 U+0020 U+027f	1	Chuanqiandian, Southern Guizhou	pʐɿ³²
t	t	t	i	U+0074	1203	Chuanqiandian, Northeast Yunnan,Chuanqiandian, Central Guizhou,Chuanqiandian, Southern Guizhou,Chuanqiandian,Baheng, East,Qiandong, East,Luobuohe, Western,Qiandong, West,Luobuohe, Eastern,Baheng, West	tæn⁴², tə²/⁰, tə²/⁰, to⁵⁵, to⁵⁵
ʔ	ʔ	ʔ	i	U+0294	996	Chuanqiandian,Qiandong, East,Chuanqiandian, Central Guizhou,Chuanqiandian, Southern Guizhou,Qiandong, West,Baheng, East,Chuanqiandian, Northeast Yunnan,Baheng, West,Luobuohe, Eastern,Luobuohe, Western	ʔə²/⁰, ʔa³/⁰, ʔa²/⁰, ʔə²/⁰, ʔoŋ⁴⁴
q	q	q	i	U+0071	822	Chuanqiandian, Southern Guizhou,Chuanqiandian, Northeast Yunnan,Chuanqiandian,Qiandong, East,Luobuohe, Western,Qiandong, West,Baheng, East,Baheng, West,Chuanqiandian, Central Guizhou,Luobuohe, Eastern	qo⁵/⁰, qo⁵/⁰, qa³³, qaŋ³¹, qɑŋ³¹
p	p	p	i	U+0070	809	Chuanqiandian, Northeast Yunnan,Luobuohe, Western,Chuanqiandian,Baheng, West,Qiandong, East,Luobuohe, Eastern,Baheng, East,Chuanqiandian, Central Guizhou,Chuanqiandian, Southern Guizhou,Qiandong, West	po¹¹, pi¹¹, paŋ⁵⁵, pɔ¹¹, pei³³
l	l	l	i	U+006c	672	Luobuohe, Eastern,Luobuohe, Western,Chuanqiandian, Northeast Yunnan,Chuanqiandian,Chuanqiandian, Southern Guizhou,Baheng, West,Chuanqiandian, Central Guizhou,Qiandong, West,Baheng, East,Qiandong, East	lã²⁴, li³², ljo²⁴, ljɔ⁴⁴, la³/⁰
tɕ	tɕ	tɕ	i	U+0074 U+0255	625	Chuanqiandian, Northeast Yunnan,Chuanqiandian, Central Guizhou,Chuanqiandian,Luobuohe, Western,Luobuohe, Eastern,Baheng, East,Qiandong, East,Chuanqiandian, Southern Guizhou,Qiandong, West,Baheng, West	tɕo⁵⁵, tɕau⁵⁵, tɕi²², tɕa⁴², tɕa³³
k	k	k	i	U+006b	570	Luobuohe, Western,Luobuohe, Eastern,Chuanqiandian, Northeast Yunnan,Chuanqiandian, Central Guizhou,Chuanqiandian, Southern Guizhou,Chuanqiandian,Qiandong, East,Baheng, West,Baheng, East,Qiandong, West	kui⁵⁵, kaŋ³¹, kɑŋ³¹, koŋ³², ku⁵⁵
n	n	n	i	U+006e	490	Chuanqiandian, Central Guizhou,Chuanqiandian, Northeast Yunnan,Baheng, East,Chuanqiandian,Luobuohe, Western,Chuanqiandian, Southern Guizhou,Luobuohe, Eastern,Baheng, West,Qiandong, East,Qiandong, West	na³¹, nɔ³¹, njei³³, nei²⁴, nei⁴⁴
m	m	m	i	U+006d	489	Chuanqiandian,Baheng, East,Luobuohe, Western,Chuanqiandian, Central Guizhou,Chuanqiandian, Northeast Yunnan,Chuanqiandian, Southern Guizhou,Luobuohe, Eastern,Qiandong, East,Baheng, West,Qiandong, West	mi⁵⁵, me²², maŋ⁵⁵, mei³³, me³³
s	s	s	i	U+0073	435	Chuanqiandian,Qiandong, West,Chuanqiandian, Northeast Yunnan,Baheng, East,Luobuohe, Eastern,Chuanqiandian, Central Guizhou,Luobuohe, Western,Qiandong, East,Baheng, West,Chuanqiandian, Southern Guizhou	sɔ⁵³, su³¹, so²², so⁵⁵, saŋ³³
ʑ	ʑ	ʑ	i	U+0291	340	Chuanqiandian, Northeast Yunnan,Chuanqiandian,Chuanqiandian, Southern Guizhou,Qiandong, West,Chuanqiandian, Central Guizhou,Luobuohe, Western,Qiandong, East,Luobuohe, Eastern,Baheng, East	ʑi²², ʑin²², ʑə²², ʑa³¹³, ʑo³⁵
h	h	h	i	U+0068	318	Luobuohe, Eastern,Chuanqiandian,Chuanqiandian, Central Guizhou,Chuanqiandian, Northeast Yunnan,Qiandong, West,Baheng, West,Baheng, East,Qiandong, East,Chuanqiandian, Southern Guizhou	hoŋ³², haɯ⁵⁵, ho³⁵, heu³⁵, ho¹³
ts	ts	ts	i	U+0074 U+0073	288	Qiandong, West,Chuanqiandian, Central Guizhou,Chuanqiandian, Southern Guizhou,Luobuohe, Eastern,Chuanqiandian,Chuanqiandian, Northeast Yunnan,Baheng, East,Luobuohe, Western,Qiandong, East	tso¹³, tsuŋ²⁴, tsoŋ³⁵, tsaŋ⁴⁴, tsuŋ⁴⁴
ɬ	ɬ	ɬ	i	U+026c	247	Qiandong, East,Baheng, East,Baheng, West,Luobuohe, Western,Chuanqiandian, Southern Guizhou,Luobuohe, Eastern,Chuanqiandian,Chuanqiandian, Central Guizhou,Qiandong, West,Chuanqiandian, Northeast Yunnan	ɬi⁵⁵, ɬa¹³, ɬi⁵⁵, ɬoŋ¹¹, ɬa²⁴
ⁿt	ⁿt	ⁿt	i	U+207f U+0074	217	Chuanqiandian, Central Guizhou,Luobuohe, Western,Luobuohe, Eastern,Chuanqiandian, Northeast Yunnan,Chuanqiandian, Southern Guizhou,Baheng, East,Chuanqiandian	ⁿtuŋ⁵⁵, ⁿto³¹, ⁿtoŋ⁵³, ⁿto⁵⁵, ⁿto³³
ⁿp	ⁿp	ⁿp	i	U+207f U+0070	207	Chuanqiandian, Northeast Yunnan,Luobuohe, Western,Luobuohe, Eastern,Chuanqiandian,Baheng, East,Chuanqiandian, Central Guizhou,Chuanqiandian, Southern Guizhou	ⁿpje³³, ⁿpaŋ²⁴, ⁿpɑŋ³⁵, ⁿpo⁴⁴, ⁿpə̃⁴²
ȵ	ȵ	ȵ	i	U+0235	188	Qiandong, East,Chuanqiandian, Central Guizhou,Chuanqiandian, Northeast Yunnan,Luobuohe, Western,Baheng, East,Chuanqiandian, Southern Guizhou,Luobuohe, Eastern,Chuanqiandian,Baheng, West	ȵu²⁴, ȵe³³, ȵei⁵⁵, ȵua¹³, ȵua¹³
ɕ	ɕ	ɕ	i	U+0255	171	Chuanqiandian, Southern Guizhou,Baheng, West,Chuanqiandian, Central Guizhou,Luobuohe, Eastern,Luobuohe, Western,Chuanqiandian,Chuanqiandian, Northeast Yunnan,Baheng, East,Qiandong, West,Qiandong, East	ɕo³³, ɕaŋ³³, ɕo¹¹, ɕa⁴⁴, ɕo¹³
ʐ	ʐ	ʐ	i	U+0290	160	Luobuohe, Western,Luobuohe, Eastern,Chuanqiandian,Chuanqiandian, Central Guizhou,Chuanqiandian, Southern Guizhou	ʐõ⁵⁵, ʐe⁴³, ʐɛ²⁴, ʐæ³², ʐɛ²⁴
tʰ	tʰ	tʰ	i	U+0074 U+02b0	149	Chuanqiandian, Southern Guizhou,Chuanqiandian, Central Guizhou,Luobuohe, Western,Chuanqiandian,Qiandong, West,Luobuohe, Eastern,Chuanqiandian, Northeast Yunnan,Qiandong, East,Baheng, East,Baheng, West	tʰa³¹, tʰan¹³, tʰɛ⁵⁵, tʰɛ³⁵, tʰy¹¹
v	v	v	i	U+0076	135	Baheng, East,Chuanqiandian,Chuanqiandian, Central Guizhou,Chuanqiandian, Northeast Yunnan,Luobuohe, Western,Qiandong, West,Qiandong, East,Luobuohe, Eastern	vei⁵⁵, ve⁵⁵, ve⁵⁵, vei⁵⁵, vuŋ²²
pʰ	pʰ	pʰ	i	U+0070 U+02b0	125	Chuanqiandian, Central Guizhou,Chuanqiandian, Northeast Yunnan,Chuanqiandian,Qiandong, West,Luobuohe, Western,Baheng, West,Qiandong, East,Luobuohe, Eastern,Baheng, East	pʰa⁵³, pʰa⁵³, pʰu⁴³, pʰue²⁴, pʰei³⁵
qʰ	qʰ	qʰ	i	U+0071 U+02b0	122	Qiandong, West,Chuanqiandian, Central Guizhou,Qiandong, East,Luobuohe, Eastern,Baheng, West,Luobuohe, Western,Chuanqiandian, Northeast Yunnan,Chuanqiandian,Baheng, East	qʰaŋ³³, qʰoŋ³¹, qʰuŋ⁵⁵, qʰoŋ⁵⁵, qʰau⁵⁵
ŋ	ŋ	ŋ	i	U+014b	117	Chuanqiandian, Northeast Yunnan,Luobuohe, Eastern,Chuanqiandian, Central Guizhou,Chuanqiandian,Luobuohe, Western,Baheng, East,Chuanqiandian, Southern Guizhou,Qiandong, West,Qiandong, East,Baheng, West	ŋɦɯ³¹, ŋa²¹, ŋe³⁵, ŋe³⁵, ŋaŋ¹³
kʰ	kʰ	kʰ	i	U+006b U+02b0	116	Qiandong, East,Chuanqiandian,Chuanqiandian, Northeast Yunnan,Baheng, West,Luobuohe, Western,Luobuohe, Eastern,Qiandong, West,Baheng, East,Chuanqiandian, Central Guizhou	kʰei⁴⁴, kʰẽ⁵⁵, kʰɛ²⁴, kʰæ⁴⁴, kʰun³³
tsʰ	tsʰ	tsʰ	i	U+0074 U+0073 U+02b0	112	Chuanqiandian, Central Guizhou,Chuanqiandian, Southern Guizhou,Qiandong, West,Qiandong, East,Chuanqiandian,Baheng, East,Chuanqiandian, Northeast Yunnan,Luobuohe, Western,Luobuohe, Eastern	tsʰeu³³, tsʰey¹¹, tsʰy⁵⁵, tsʰu⁵⁵, tsʰi⁵⁵
tɕʰ	tɕʰ	tɕʰ	i	U+0074 U+0255 U+02b0	107	Chuanqiandian, Southern Guizhou,Chuanqiandian,Chuanqiandian, Central Guizhou,Qiandong, East,Chuanqiandian, Northeast Yunnan,Baheng, West,Luobuohe, Western,Baheng, East,Luobuohe, Eastern,Qiandong, West	tɕʰo⁴⁴, tɕʰei⁴⁴, tɕʰau³¹, tɕʰo²⁴, tɕʰo³⁵
tɬ	tɬ	tɬ	i	U+0074 U+026c	105	Chuanqiandian, Central Guizhou,Chuanqiandian,Chuanqiandian, Northeast Yunnan	tɬaŋ⁴³, tɬai⁴⁴, tɬaɯ¹¹, tɬe³¹, tɬey¹¹
ʈ	ʈ	ʈ	i	U+0288	103	Chuanqiandian, Northeast Yunnan,Luobuohe, Eastern,Luobuohe, Western,Chuanqiandian,Chuanqiandian, Southern Guizhou	ʈo³⁵, ʈau⁵⁵, ʈoŋ³¹, ʈɔ⁵⁵, ʈe¹³
tʂ	tʂ	tʂ	i	U+0074 U+0282	100	Chuanqiandian, Northeast Yunnan,Chuanqiandian, Central Guizhou,Chuanqiandian	tʂaɯ³³, tʂɯ²², tʂua⁵⁵, tʂau⁴⁴, tʂo³³
ⁿtɕ	ⁿtɕ	ⁿtɕ	i	U+207f U+0074 U+0255	96	Luobuohe, Eastern,Luobuohe, Western,Chuanqiandian, Northeast Yunnan,Chuanqiandian, Central Guizhou,Baheng, East,Chuanqiandian,Chuanqiandian, Southern Guizhou	ⁿtɕo³⁵, ⁿtɕo²⁴, ⁿtɕo³⁵, ⁿtɕo⁵⁵, ⁿtɕo³³
ʂ	ʂ	ʂ	i	U+0282	92	Chuanqiandian, Central Guizhou,Luobuohe, Eastern,Chuanqiandian, Southern Guizhou,Chuanqiandian, Northeast Yunnan,Chuanqiandian	ʂua⁴³, ʂə¹³, ʂua⁵⁵, ʂaŋ⁴³, ʂã²⁴
ⁿb	ⁿb	ⁿb	i	U+207f U+0062	81	Chuanqiandian, Northeast Yunnan,Luobuohe, Eastern,Luobuohe, Western	ⁿbo²⁴, ⁿbo³⁵, ⁿbaŋ³¹, ⁿbin³¹, ⁿben³¹
ⁿk	ⁿk	ⁿk	i	U+207f U+006b	80	Luobuohe, Western,Chuanqiandian, Northeast Yunnan,Luobuohe, Eastern,Chuanqiandian,Chuanqiandian, Central Guizhou,Baheng, East,Chuanqiandian, Southern Guizhou	ⁿkə²², ⁿkaŋ¹³, ⁿkaŋ¹³, ⁿkwi⁵⁵, ⁿke⁴²
n̥	n̥	n̥	i	U+006e U+0325	79	Baheng, East,Chuanqiandian, Northeast Yunnan,Chuanqiandian,Luobuohe, Western,Chuanqiandian, Central Guizhou,Baheng, West	n̥o⁴³, n̥u⁵⁵, n̥ɑ³¹, n̥o⁴³, n̥u⁵⁵
sʰ	sʰ	sʰ	i	U+0073 U+02b0	78	Qiandong, West,Chuanqiandian, Central Guizhou	sʰɯ¹³, sʰo¹³, sʰə̃⁴², sʰa²⁴, sʰə⁴²
z	z	z	i	U+007a	77	Chuanqiandian, Central Guizhou,Luobuohe, Western,Chuanqiandian, Northeast Yunnan,Luobuohe, Eastern	zəu²⁴, zu⁵, zɦaɯ³⁵, zo⁵³, zo⁵⁵
ⁿq	ⁿq	ⁿq	i	U+207f U+0071	69	Luobuohe, Western,Luobuohe, Eastern,Chuanqiandian, Northeast Yunnan,Chuanqiandian,Baheng, East,Chuanqiandian, Central Guizhou	ⁿqə̃⁵⁵, ⁿqɛ⁴², ⁿqa⁵⁵, ⁿqo⁴³, ⁿqlaŋ³¹
ⁿts	ⁿts	ⁿts	i	U+207f U+0074 U+0073	66	Luobuohe, Western,Baheng, East,Luobuohe, Eastern,Chuanqiandian,Chuanqiandian, Northeast Yunnan,Chuanqiandian, Southern Guizhou	ⁿtsəu⁵⁵, ⁿtsen⁵⁵, ⁿtsɯ⁵⁵, ⁿtsua⁵⁵, ⁿtsaɯ¹¹
f	f	f	i	U+0066	54	Baheng, West,Luobuohe, Western,Luobuohe, Eastern,Baheng, East,Chuanqiandian,Chuanqiandian, Northeast Yunnan,Qiandong, East	fei³³, fai⁴³, fai³³, fen²⁴, fu⁵⁵
tʂʰ	tʂʰ	tʂʰ	i	U+0074 U+0282 U+02b0	53	Chuanqiandian, Central Guizhou,Chuanqiandian, Northeast Yunnan,Chuanqiandian	tʂʰɔ⁵⁵, tʂʰau⁵⁵, tʂʰua⁴³, tʂʰə⁴², tʂʰua⁴³
nʲ	nʲ	nʲ	i	U+006e U+02b2	52	Baheng, East,Qiandong, West,Baheng, West,Qiandong, East	nʲe³³, nʲin⁵³, nʲu³³, nʲaŋ²², nʲy⁵³
ʁ	ʁ	ʁ	i	U+0281	52	Luobuohe, Western,Luobuohe, Eastern	ʁlei³¹, ʁo³¹, ʁu³¹, ʁu²⁴, ʁwen³¹
m̥	m̥	m̥	i	U+006d U+0325	45	Chuanqiandian, Northeast Yunnan,Baheng, West,Chuanqiandian,Baheng, East,Luobuohe, Western,Chuanqiandian, Central Guizhou	m̥en⁵⁵, m̥ø³¹, m̥oŋ⁴³, m̥õ²⁴, m̥au⁵⁵
ɳ	ɳ	ɳ	i	U+0273	44	Chuanqiandian,Luobuohe, Eastern,Luobuohe, Western,Chuanqiandian, Northeast Yunnan,Chuanqiandian, Southern Guizhou	ɳʈei³⁵, ɳʈe²¹, ɳʈe³⁵, ɳtʂʰai³³, ɳtʂʰaɯ⁵⁵
ŋ̩	ŋ̩	ŋ̩	i	U+014b U+0329	41	Chuanqiandian, Central Guizhou,Baheng, West,Baheng, East	ŋ̩⁵³, ŋ̩⁵³, ŋ̩³⁵, ŋ̩⁵³, ŋ̩³³
ɣ	ɣ	ɣ	i	U+0263	41	Baheng, East,Qiandong, West	ɣe¹¹, ɣo²², ɣu²², ɣɔ¹¹, ɣɔ¹³
ȵ̥	ȵ̥	ȵ̥	i	U+0235 U+0325	40	Chuanqiandian,Chuanqiandian, Central Guizhou,Chuanqiandian, Northeast Yunnan,Luobuohe, Western,Baheng, West	ȵ̥aɯ⁵⁵, ȵ̥a⁵³, ȵ̥oŋ¹³, ȵ̥e⁵⁵, ȵ̥e⁵⁵
χ	χ	χ	i	U+03c7	40	Chuanqiandian, Northeast Yunnan,Luobuohe, Eastern,Luobuohe, Western	χu³¹, χo³³, χo³¹, χe³¹, χu⁵⁵
ɕʰ	ɕʰ	ɕʰ	i	U+0255 U+02b0	36	Qiandong, West	ɕʰɔ¹³, ɕʰa⁴⁴, ɕʰæ³³, ɕʰe⁴⁴, ɕʰɔ¹³
ⁿd	ⁿd	ⁿd	i	U+207f U+0064	36	Luobuohe, Western,Luobuohe, Eastern,Chuanqiandian, Northeast Yunnan	ⁿdlʱai³¹, ⁿdəu²⁴, ⁿdlʱy¹¹, ⁿdla³¹, ⁿdu³⁵
ⁿtʂ	ⁿtʂ	ⁿtʂ	i	U+207f U+0074 U+0282	35	Chuanqiandian, Central Guizhou,Chuanqiandian	ⁿtʂua²⁴, ⁿtʂua¹³, ⁿtʂe³¹, ⁿtʂe⁴⁴, ⁿtʂu³³
ⁿg	ⁿg	ⁿg	i	U+207f U+0067	32	Luobuohe, Eastern,Luobuohe, Western,Chuanqiandian, Northeast Yunnan	ⁿgɦaɯ³⁵, ⁿgaɯ³¹, ⁿguŋ³¹, ⁿgoŋ³¹, ⁿgɦey³⁵
ⁿtsʰ	ⁿtsʰ	ⁿtsʰ	i	U+207f U+0074 U+0073 U+02b0	31	Baheng, East,Chuanqiandian,Chuanqiandian, Northeast Yunnan,Luobuohe, Western,Luobuohe, Eastern	ⁿtsʰo³³, ⁿtsʰo³¹, ⁿtsʰai³³, ⁿtsʰai¹¹, ⁿtsʰe²⁴
d	d	d	i	U+0064	30	Baheng, East,Chuanqiandian, Northeast Yunnan	dey³³, daɯ¹¹, dai³¹, di³³, di³³
ⁿʈ	ⁿʈ	ⁿʈ	i	U+207f U+0288	27	Luobuohe, Eastern,Chuanqiandian, Northeast Yunnan,Luobuohe, Western,Chuanqiandian, Southern Guizhou,Chuanqiandian	ⁿʈai²⁴, ⁿʈoŋ⁴⁴, ⁿʈɔ³¹, ⁿʈo³¹, ⁿʈɔ¹³
dʱ	dʱ	dʱ	i	U+0064 U+02b1	26	Chuanqiandian, Northeast Yunnan	dʱau³⁵, dʱo¹¹, dʱli³⁵, dʱo³¹, dʱa³⁵
ⁿɢ	ⁿɢ	ⁿɢ	i	U+207f U+0262	25	Luobuohe, Western,Luobuohe, Eastern	ⁿɢwaŋ³¹, ⁿɢwɑŋ³¹, ⁿɢo⁵⁵, ⁿɢa⁵⁵, ⁿɢɑ⁵⁵
b	b	b	i	U+0062	25	Baheng, East,Chuanqiandian, Northeast Yunnan	baɯ³³, baɯ³³, bɦau³⁵, bo⁵⁵, bɦau³⁵
ⁿdʑ	ⁿdʑ	ⁿdʑ	i	U+207f U+0064 U+0291	24	Chuanqiandian, Northeast Yunnan,Luobuohe, Eastern,Luobuohe, Western	ⁿdʑi³¹, ⁿdʑo³¹, ⁿdʑo³¹, ⁿdʑe³¹, ⁿdʑu³¹
ˀl	ˀl	ˀl	i	U+02c0 U+006c	24	Luobuohe, Western,Luobuohe, Eastern	ˀlu³¹, ˀlju³¹, ˀləu⁵⁵, ˀlu⁵⁵, ˀla⁵⁵
ʈʰ	ʈʰ	ʈʰ	i	U+0288 U+02b0	24	Luobuohe, Eastern,Chuanqiandian, Northeast Yunnan,Chuanqiandian,Luobuohe, Western	ʈʰu²⁴, ʈʰu³⁵, ʈʰa³³, ʈʰəu²⁴, ʈʰoŋ³¹
lʱ	lʱ	lʱ	i	U+006c U+02b1	23	Chuanqiandian, Northeast Yunnan	lʱai¹¹, lʱa³⁵, lʱa³⁵, lʱo¹¹, lʱy³⁵
ⁿpʰ	ⁿpʰ	ⁿpʰ	i	U+207f U+0070 U+02b0	21	Luobuohe, Eastern,Chuanqiandian, Central Guizhou,Luobuohe, Western,Baheng, East	ⁿpʰje³³, ⁿpʰje⁵⁵, ⁿpʰje⁵⁵, ⁿpʰe⁴², ⁿpʰje³³
x	x	x	i	U+0078	20	Luobuohe, Eastern,Baheng, East,Luobuohe, Western,Chuanqiandian, Northeast Yunnan,Qiandong, West	xo⁵⁵, xo³¹, xuŋ³³, xu⁵⁵, xu⁵⁵
dʑ	dʑ	dʑ	i	U+0064 U+0291	20	Baheng, East,Chuanqiandian, Northeast Yunnan	dʑɦo³⁵, dʑɦɯ³⁵, dʑi³¹, dʑo³¹, dʑo³¹
ȵʰ	ȵʰ	ȵʰ	i	U+0235 U+02b0	20	Chuanqiandian, Northeast Yunnan	ȵʰu³⁵, ȵʰu³⁵, ȵʰu³⁵, ȵʰu³⁵, ȵʰu³⁵
ⁿdz	ⁿdz	ⁿdz	i	U+207f U+0064 U+007a	19	Chuanqiandian, Northeast Yunnan,Luobuohe, Western,Luobuohe, Eastern	ⁿdzaŋ⁵⁵, ⁿdzɑŋ⁵⁵, ⁿdza³³, ⁿdzɑ³¹, ⁿdzaŋ⁵⁵
ⁿz	ⁿz	ⁿz	i	U+207f U+007a	18	Chuanqiandian, Central Guizhou	ⁿzə³¹, ⁿzɯ²², ⁿzu⁵⁵, ⁿzõ⁴², ⁿzɯ³¹
ð	ð	ð	i	U+00f0	18	Luobuohe, Western	ðu³¹, ðo³⁵, ðɑ³¹, ðen³⁵, ðu³¹
ɭ	ɭ	ɭ	i	U+026d	18	Chuanqiandian, Southern Guizhou	ɭe²¹, ɭə⁵³, ɭæn⁵³, ɭoŋ¹³, ɭa³²
qʷ	qʷ	qʷ	i	U+0071 U+02b7	15	Luobuohe, Western,Luobuohe, Eastern	qʷɑ³¹, qʷa³¹, qʷɑ³¹, qʷæ³⁵, qʷa²⁴
ⁿtʰ	ⁿtʰ	ⁿtʰ	i	U+207f U+0074 U+02b0	14	Chuanqiandian, Northeast Yunnan,Chuanqiandian, Central Guizhou,Chuanqiandian,Luobuohe, Western,Luobuohe, Eastern,Baheng, East	ⁿtʰa⁵⁵, ⁿtʰɑ⁵⁵, ⁿtʰu⁴², ⁿtʰei³¹, ⁿtʰɛ²⁴
gʰ	gʰ	gʰ	i	U+0067 U+02b0	13	Chuanqiandian, Northeast Yunnan	gʰau³¹, gʰau³¹, gʰau³¹, gʰau³¹, gʰau³¹
ⁿɖ	ⁿɖ	ⁿɖ	i	U+207f U+0256	12	Chuanqiandian, Northeast Yunnan,Luobuohe, Western,Luobuohe, Eastern	ⁿɖei³³, ⁿɖe³¹, ⁿɖo⁵⁵, ⁿɖaŋ³¹, ⁿɖɑŋ³⁵
ɢʰ	ɢʰ	ɢʰ	i	U+0262 U+02b0	11	Chuanqiandian, Northeast Yunnan	ɢʰey³⁵, ɢʰau³¹, ɢʰau³⁵, ɢʰɯ³⁵, ɢʰɯ³⁵
ⁿkʰ	ⁿkʰ	ⁿkʰ	i	U+207f U+006b U+02b0	11	Chuanqiandian, Central Guizhou,Chuanqiandian,Luobuohe, Eastern,Luobuohe, Western,Baheng, East	ⁿkʰo³³, ⁿkʰo³³, ⁿkʰeu⁴³, ⁿkʰo³³, ⁿkʰa³¹
ʑʰ	ʑʰ	ʑʰ	i	U+0291 U+02b0	10	Chuanqiandian, Northeast Yunnan	ʑʰaɯ³⁵, ʑʰaɯ³⁵, ʑʰey¹¹, ʑʰaɯ³⁵, ʑʰey¹¹
m̩	m̩	m̩	i	U+006d U+0329	10	Baheng, East,Baheng, West	m̩³³, m̩³³, m̩³³, m̩³¹, m̩³¹
ŋ̥	ŋ̥	ŋ̥	i	U+014b U+0325	10	Chuanqiandian, Northeast Yunnan,Baheng, West,Baheng, East	ŋ̥ŋ³⁵, ŋ̥ŋ³¹³, ŋ̥ŋ³¹³, ŋ̥ŋ³¹, ŋ̥ŋ³¹³
ⁿɢʰ	ⁿɢʰ	ⁿɢʰ	i	U+207f U+0262 U+02b0	9	Chuanqiandian, Northeast Yunnan	ⁿɢʰu¹¹, ⁿɢʰɯ¹¹, ⁿɢʰai³⁵, ⁿɢʰai³⁵, ⁿɢʰai³⁵
ⁿtɕʰ	ⁿtɕʰ	ⁿtɕʰ	i	U+207f U+0074 U+0255 U+02b0	9	Chuanqiandian,Luobuohe, Eastern,Chuanqiandian, Northeast Yunnan,Baheng, East,Luobuohe, Western	ⁿtɕʰu⁵⁵, ⁿtɕʰo⁴⁴, ⁿtɕʰo³³, ⁿtɕʰey⁵⁵, ⁿtɕʰe³¹³
vʰ	vʰ	vʰ	i	U+0076 U+02b0	9	Chuanqiandian, Northeast Yunnan	vʰai³¹, vʰɯ¹¹, vʰæɯ³⁵, vʰaɯ³⁵, vʰa¹¹
dzʱ	dzʱ	dzʱ	i	U+0064 U+007a U+02b1	9	Chuanqiandian, Northeast Yunnan	dzʱaɯ³⁵, dzʱey³⁵, dzʱai¹¹, dzʱo³⁵, dzʱaɯ³⁵
xʰ	xʰ	xʰ	i	U+0078 U+02b0	9	Qiandong, West	xʰɔ⁵⁵, xʰei¹³, xʰeɯ¹¹, xʰaŋ³³, xʰuæ⁴⁴
dʑʱ	dʑʱ	dʑʱ	i	U+0064 U+0291 U+02b1	8	Chuanqiandian, Northeast Yunnan	dʑʱai¹¹, dʑʱi³¹, dʑʱau³⁵, dʑʱa³⁵, dʑʱau¹¹
ʔʑ	ʔʑ	ʔʑ	i	U+0294 U+0291	8	Luobuohe, Western,Luobuohe, Eastern	ʔʑin³⁵, ʔʑo³³, ʔʑen²⁴, ʔʑu³¹, ʔʑu³¹
ⁿtʂʰ	ⁿtʂʰ	ⁿtʂʰ	i	U+207f U+0074 U+0282 U+02b0	8	Chuanqiandian, Central Guizhou,Chuanqiandian	ⁿtʂʰai⁴⁴, ⁿtʂʰaŋ⁵⁵, ⁿtʂʰi⁵⁵, ⁿtʂʰõ²⁴, ⁿtʂʰe⁴²
tɬʰ	tɬʰ	tɬʰ	i	U+0074 U+026c U+02b0	8	Chuanqiandian,Chuanqiandian, Central Guizhou,Chuanqiandian, Northeast Yunnan	tɬʰã⁴², tɬʰu³³, tɬʰie³³, tɬʰɛ⁴², tɬʰa⁴⁴
ⁿqʰ	ⁿqʰ	ⁿqʰ	i	U+207f U+0071 U+02b0	8	Chuanqiandian,Chuanqiandian, Northeast Yunnan,Luobuohe, Eastern,Baheng, East,Chuanqiandian, Central Guizhou,Luobuohe, Western	ⁿqʰa⁵⁵, ⁿqʰɛ³¹, ⁿqʰe³¹, ⁿqʰai³¹, ⁿqʰei³³
ⁿbʰ	ⁿbʰ	ⁿbʰ	i	U+207f U+0062 U+02b0	7	Chuanqiandian, Northeast Yunnan	ⁿbʰə³⁵, ⁿbʰa³⁵, ⁿbʰə³⁵, ⁿbʰai¹¹, ⁿbʰə¹¹
χʷ	χʷ	χʷ	i	U+03c7 U+02b7	7	Luobuohe, Western,Luobuohe, Eastern	χʷaŋ³¹, χʷen³³, χʷen³¹, χʷa³³, χʷɑŋ³¹
xʷ	xʷ	xʷ	i	U+0078 U+02b7	6	Chuanqiandian, Southern Guizhou	xʷæ⁵⁵, xʷæ⁵⁵, xʷei²¹, xʷa⁴², xʷa⁵³
ɦ	ɦ	ɦ	i	U+0266	6	Chuanqiandian, Southern Guizhou	ɦo²³², ɦa¹³, ɦo²³², ɦaŋ¹³, ɦoŋ²²
ˀȵ	ˀȵ	ˀȵ	i	U+02c0 U+0235	6	Luobuohe, Eastern,Luobuohe, Western	ˀȵin³¹, ˀȵin³¹, ˀȵuŋ³¹, ˀȵin³¹, ˀȵoŋ⁵⁵
ⁿdʑʱ	ⁿdʑʱ	ⁿdʑʱ	i	U+207f U+0064 U+0291 U+02b1	6	Chuanqiandian, Northeast Yunnan	ⁿdʑʱau¹¹, ⁿdʑʱau³⁵, ⁿdʑʱau³⁵, ⁿdʑʱau³⁵, ⁿdʑʱi³⁵
fʰ	fʰ	fʰ	i	U+0066 U+02b0	6	Qiandong, West	fʰæ³³, fʰei¹³, fʰaŋ⁴⁴, fʰæ⁴⁴, fʰæ⁴⁴
ɖ	ɖ	ɖ	i	U+0256	5	Chuanqiandian, Northeast Yunnan	ɖaɯ³¹, ɖʅ⁵³, ɖey³¹, ɖau³¹, ɖa³¹
ɖʰ	ɖʰ	ɖʰ	i	U+0256 U+02b0	5	Chuanqiandian, Northeast Yunnan	ɖʰaɯ³⁵, ɖʰau³⁵, ɖʰau³⁵, ɖʰie¹¹, ɖʰu¹¹
dʐ	dʐ	dʐ	i	U+0064 U+0290	5	Chuanqiandian, Northeast Yunnan	dʐɦy³¹, dʐu³³, dʐey³¹, dʐɦey¹¹, dʐɦu³⁵
ⁿdzʱ	ⁿdzʱ	ⁿdzʱ	i	U+207f U+0064 U+007a U+02b1	5	Chuanqiandian, Northeast Yunnan	ⁿdzʱaɯ³⁵, ⁿdzʱa¹¹, ⁿdzʱaɯ¹¹, ⁿdzʱau³¹, ⁿdzʱa³⁵
ⁿdʱ	ⁿdʱ	ⁿdʱ	i	U+207f U+0064 U+02b1	5	Chuanqiandian, Northeast Yunnan	ⁿdʱaɯ³⁵, ⁿdʱu³⁵, ⁿdʱy³¹, ⁿdʱu³⁵, ⁿdʱai³¹
ⁿsʰ	ⁿsʰ	ⁿsʰ	i	U+207f U+0073 U+02b0	5	Chuanqiandian, Central Guizhou	ⁿsʰe⁴², ⁿsʰõ¹³, ⁿsʰu⁴², ⁿsʰẽ²⁴, ⁿsʰi²⁴
dz	dz	dz	i	U+0064 U+007a	5	Chuanqiandian, Northeast Yunnan,Baheng, East	dzɯ⁵³, dzuŋ³³, dzau⁵³, dzen³³, dzi³³
gʱ	gʱ	gʱ	i	U+0067 U+02b1	5	Chuanqiandian, Northeast Yunnan	gʱau³⁵, gʱau³¹, gʱau³¹, gʱau³¹, gʱau¹¹
ɬʲ	ɬʲ	ɬʲ	i	U+026c U+02b2	4	Baheng, East,Qiandong, West	ɬʲo³⁵, ɬʲo³⁵, ɬʲa⁵⁵, ɬʲɔ⁴⁴
ⁿtɬ	ⁿtɬ	ⁿtɬ	i	U+207f U+0074 U+026c	4	Chuanqiandian, Central Guizhou,Chuanqiandian, Northeast Yunnan	ⁿtɬai¹¹, ⁿtɬie⁵⁵, ⁿtɬo⁵⁵, ⁿtɬu²²
ⁿʈʰ	ⁿʈʰ	ⁿʈʰ	i	U+207f U+0288 U+02b0	4	Chuanqiandian,Luobuohe, Eastern,Chuanqiandian, Northeast Yunnan,Luobuohe, Western	ⁿʈʰuŋ³¹, ⁿʈʰoŋ³¹, ⁿʈʰoŋ⁴³, ⁿʈʰau⁵⁵
ʁʷ	ʁʷ	ʁʷ	i	U+0281 U+02b7	3	Luobuohe, Western,Luobuohe, Eastern	ʁʷen³¹, ʁʷen³¹, ʁʷen³¹
ɢ	ɢ	ɢ	i	U+0262	3	Chuanqiandian, Northeast Yunnan	ɢau³¹, ɢau³¹, ɢau³¹
ŋʷ	ŋʷ	ŋʷ	i	U+014b U+02b7	3	Baheng, East	ŋʷa⁵⁵, ŋʷa¹¹, ŋʷa¹¹
ⁿʐ	ⁿʐ	ⁿʐ	i	U+207f U+0290	3	Chuanqiandian, Southern Guizhou	ⁿʐen⁴⁴, ⁿʐe⁵⁵, ⁿʐəŋ¹³
ⁿdʐʰ	ⁿdʐʰ	ⁿdʐʰ	i	U+207f U+0064 U+0290 U+02b0	2	Chuanqiandian, Northeast Yunnan	ⁿdʐʰa¹¹, ⁿdʐʰa¹¹
ⁿʈʂ	ⁿʈʂ	ⁿʈʂ	i	U+207f U+0288 U+0282	2	Chuanqiandian, Northeast Yunnan	ⁿʈʂʅ¹¹, ⁿʈʂaɯ¹³
n̩	n̩	n̩	i	U+006e U+0329	2	Baheng, East,Baheng, West	n̩³⁵, n̩³³
ʔʰ	ʔʰ	ʔʰ	i	U+0294 U+02b0	2	Baheng, East	ʔʰei³¹³, ʔʰe³¹³
g	g	g	i	U+0067	2	Chuanqiandian, Northeast Yunnan	gy⁵⁵, gau³³
ⁿdʐ	ⁿdʐ	ⁿdʐ	i	U+207f U+0064 U+0290	2	Chuanqiandian, Northeast Yunnan	ⁿdʐau³¹, ⁿdʐai³¹
ȵ̩	ȵ̩	ȵ̩	i	U+0235 U+0329	2	Luobuohe, Eastern	ȵ̩tɕi²⁴, ȵ̩tɕi²⁴
ⁿʈʂʰ	ⁿʈʂʰ	ⁿʈʂʰ	i	U+207f U+0288 U+0282 U+02b0	1	Chuanqiandian, Northeast Yunnan	ⁿʈʂʰa¹¹
ɬʰ	ɬʰ	ɬʰ	i	U+026c U+02b0	1	Qiandong, West	ɬʰjæ̃³³
ʂʰ	ʂʰ	ʂʰ	i	U+0282 U+02b0	1	Chuanqiandian, Central Guizhou	ʂʰã²⁴
ŋ	ŋ	ŋ	c	U+014b	7	Baheng, West,Baheng, East	ŋ̥ŋ³⁵, ŋ̥ŋ³¹³, ŋ̥ŋ³¹³, ŋ̥ŋ³¹, ŋ̥ŋ³¹³
m̩	m̩	m̩	c	U+006d U+0329	3	Baheng, West,Baheng, East	m̥m̩³⁵, nm̩³¹, nm̩³¹³
utŋ	u tŋ	u tŋ	n c	U+0075 U+0074 U+014b	1	Luobuohe, Eastern	nutŋ²⁴
en	en	en	c	U+0065 U+006e	1	Luobuohe, Western	nen		
^la	l a	l a	i n
